[{"Name":"BotExpress","Path":"c:\\vm-relogs\\Data\\BotExpress\\","MonitorAction":null,"SuccessAction":null,"FailureAction":null,"TimeOutAction":null,"CheckRunningAction":null,"MachineId":"vm-re","Manager":"GENERIC","Id":0},{"Name":"RoboSchedular","Path":"c:\\vm-relogs\\Data\\RoboSchedular\\","MonitorAction":null,"SuccessAction":null,"FailureAction":null,"TimeOutAction":null,"CheckRunningAction":null,"MachineId":"vm-re","Manager":"GENERIC","Id":1},{"Name":"UIPath","Path":"UIPath\\","MonitorAction":null,"SuccessAction":null,"FailureAction":null,"TimeOutAction":null,"CheckRunningAction":null,"MachineId":"vm-re","Manager":"GENERIC","Id":2},{"Name":"UIPath","Path":"c:\\vm-relogs\\data\\UIPath\\","MonitorAction":null,"SuccessAction":null,"FailureAction":null,"TimeOutAction":null,"CheckRunningAction":null,"MachineId":"vm-re","Manager":"GENERIC","Id":3}]