[{"OrchestratorId":0,"Order":1,"KeyWords":"process halt","AllTrue":false,"Action":"POWERSHELL","StopOnFailure":false,"StopOnSuccess":false,"SendMailOnSuccess":true,"LastOccurrenceGap":0,"OccurrencesThreshold":0,"Parameters":{"COMMAND":"BOT_RESTART","MACHINEID":"MACHINE_ID"},"ParameterList":null,"Id":1},{"OrchestratorId":0,"Order":0,"KeyWords":"invalid password","AllTrue":true,"Action":"MAIL","StopOnFailure":false,"StopOnSuccess":false,"SendMailOnSuccess":true,"LastOccurrenceGap":0,"OccurrencesThreshold":0,"Parameters":{"to":"castanc@gmail.com tcsa52209@gmail.com","subject":"user expired","text":"the user nolonger can use this app"},"ParameterList":null,"Id":0}]